,temp,r0,k
0,298.15,(1.53+/-0.09)e-05,1.48+/-0.09
1,308.15,(5.09+/-0.05)e-05,4.93+/-0.05
2,318.15,0.000128+/-0.000009,12.3+/-0.9
