,x,y,x_std,y_std
0,0.0033789491468153407,-2.3947003819018513,0.0,0.0
1,0.0033008747318039283,-1.8445275347667107,0.0,0.0
2,0.0031974420463629096,-1.304530059317251,0.0,0.0
